ticker,count
eq.ZEPP.US,1623
eq.PEGA.US,1623
eq.AMKR.US,1623
eq.LRCX.US,1623
eq.RDVT.US,1623
eq.SMCI.US,1623
eq.SQNS.US,1623
eq.VISN.US,1623
eq.UPLD.US,1623
eq.SUNE.US,1623
eq.BOXL.US,1623
eq.FTFT.US,1623
eq.NVDA.US,1623
eq.WDC.US,1623
eq.MSTR.US,1623
eq.EXLS.US,1623
eq.PXLW.US,1623
eq.AVGO.US,1623
eq.WIT.US,1623
eq.FLEX.US,1623
eq.LPSN.US,1623
eq.SMSI.US,1623
eq.INSG.US,1623
eq.SOS.US,1623
eq.IMMR.US,1623
eq.APH.US,1623
eq.UAVS.US,1623
eq.NOW.US,1623
eq.ANY.US,1623
eq.STNE.US,1623
eq.PRSO.US,1623
eq.PAGS.US,1623
eq.QMCO.US,1623
eq.SONM.US,1623
eq.KLAC.US,1623
eq.PANW.US,1623
eq.WATT.US,1623
eq.SONY.US,1623
eq.ANET.US,1623
eq.TAOP.US,1623
eq.ASTI.US,1623
eq.IMOS.US,1623
eq.BAND.US,1622
eq.BL.US,1622
eq.PLAB.US,1622
eq.ON.US,1622
eq.PLXS.US,1622
eq.DHX.US,1622
eq.SLAB.US,1622
eq.HLIT.US,1622
eq.VUZI.US,1622
eq.ADTN.US,1622
eq.LFUS.US,1622
eq.BELFB.US,1622
eq.WIX.US,1622
eq.BMI.US,1622
eq.RELL.US,1622
eq.JBL.US,1622
eq.CNDT.US,1622
eq.STX.US,1622
eq.AEHR.US,1622
eq.HIMX.US,1622
eq.BB.US,1622
eq.ORCL.US,1622
eq.MDB.US,1622
eq.CRNT.US,1622
eq.ASYS.US,1622
eq.ASML.US,1622
eq.EEFT.US,1622
eq.TER.US,1622
eq.G.US,1622
eq.NTNX.US,1622
eq.TRMB.US,1622
eq.DELL.US,1622
eq.GSIT.US,1622
eq.SAP.US,1622
eq.GPRO.US,1622
eq.ROP.US,1622
eq.WDAY.US,1622
eq.CLPS.US,1622
eq.SONO.US,1622
eq.VNET.US,1622
eq.DGII.US,1622
eq.CLFD.US,1622
eq.MVIS.US,1622
eq.FICO.US,1622
eq.ATEN.US,1622
eq.ADBE.US,1622
eq.DBX.US,1622
eq.AKAM.US,1622
eq.APPF.US,1622
eq.INTU.US,1622
eq.INVE.US,1622
eq.WEX.US,1622
eq.AIRG.US,1622
eq.SYNA.US,1622
eq.UMC.US,1622
eq.CLMB.US,1622
eq.INTT.US,1622
eq.GRMN.US,1622
eq.AGYS.US,1622
eq.VSAT.US,1622
eq.SATS.US,1622
eq.DOX.US,1622
eq.ITRI.US,1622
eq.GWRE.US,1622
eq.CAMT.US,1622
eq.MNDO.US,1622
eq.VECO.US,1622
eq.DIOD.US,1622
eq.PAYS.US,1622
eq.MANH.US,1622
eq.IDN.US,1622
eq.CMTL.US,1622
eq.LYTS.US,1622
eq.IPGP.US,1622
eq.PAYC.US,1622
eq.ZBRA.US,1622
eq.LPL.US,1622
eq.VICR.US,1622
eq.OSPN.US,1622
eq.INTZ.US,1622
eq.AWRE.US,1622
eq.EGAN.US,1622
eq.TDC.US,1622
eq.HPE.US,1622
eq.AVNW.US,1622
eq.MLAB.US,1622
eq.QRVO.US,1622
eq.RAMP.US,1622
eq.NTWK.US,1622
eq.TSEM.US,1622
eq.POWI.US,1622
eq.UEIC.US,1622
eq.CDW.US,1622
eq.LSCC.US,1622
eq.CRM.US,1622
eq.ENTG.US,1622
eq.EXTR.US,1622
eq.LASR.US,1622
eq.ASUR.US,1622
eq.DOCU.US,1622
eq.MIND.US,1622
eq.CTSH.US,1622
eq.NICE.US,1622
eq.ICHR.US,1622
eq.KOPN.US,1622
eq.RMBS.US,1622
eq.HPQ.US,1622
eq.ADI.US,1622
eq.FIS.US,1622
eq.SIMO.US,1622
eq.TYL.US,1622
eq.ALRM.US,1622
eq.CTS.US,1622
eq.APPS.US,1622
eq.OLED.US,1622
eq.EGHT.US,1622
eq.JKHY.US,1622
eq.TDY.US,1622
eq.NET.US,1622
eq.PTC.US,1622
eq.AAPL.US,1622
eq.ACIW.US,1622
eq.AVT.US,1622
eq.GNSS.US,1622
eq.DDD.US,1622
eq.MCHP.US,1622
eq.TCX.US,1622
eq.MPWR.US,1622
eq.SANM.US,1622
eq.MU.US,1622
eq.TEL.US,1622
eq.QCOM.US,1622
eq.EVTC.US,1622
eq.CSIQ.US,1622
eq.SPSC.US,1622
eq.GILT.US,1622
eq.TTEC.US,1622
eq.BR.US,1622
eq.TXN.US,1622
eq.PAR.US,1622
eq.TACT.US,1622
eq.RDWR.US,1622
eq.VPG.US,1622
eq.QLYS.US,1622
eq.LITE.US,1622
eq.FFIV.US,1622
eq.BDC.US,1622
eq.ST.US,1622
eq.PI.US,1622
eq.QTWO.US,1622
eq.KN.US,1622
eq.DOMO.US,1622
eq.OKTA.US,1622
eq.INFY.US,1622
eq.RPD.US,1622
eq.GLW.US,1622
eq.APPN.US,1622
eq.CHKP.US,1622
eq.INOD.US,1622
eq.CRUS.US,1622
eq.CACI.US,1622
eq.INTC.US,1622
eq.MTSI.US,1622
eq.SILC.US,1622
eq.TTMI.US,1622
eq.MX.US,1622
eq.ENPH.US,1622
eq.DAKT.US,1622
eq.ACLS.US,1622
eq.GDS.US,1622
eq.GDDY.US,1622
eq.SEDG.US,1622
eq.NTCT.US,1622
eq.KEYS.US,1622
eq.SCSC.US,1622
eq.PDFS.US,1622
eq.IT.US,1622
eq.IBM.US,1622
eq.ACN.US,1622
eq.FSLR.US,1622
eq.MITK.US,1622
eq.PCTY.US,1622
eq.AMD.US,1622
eq.ESTC.US,1622
eq.ITRN.US,1622
eq.AOSL.US,1622
eq.FORM.US,1622
eq.CALX.US,1622
eq.AMAT.US,1622
eq.PRGS.US,1622
eq.RUN.US,1622
eq.TTD.US,1622
eq.FIVN.US,1622
eq.DQ.US,1622
eq.FTNT.US,1622
eq.ADSK.US,1622
eq.ESE.US,1622
eq.QUIK.US,1622
eq.KTCC.US,1622
eq.RNG.US,1622
eq.NOVT.US,1622
eq.ZS.US,1622
eq.LYFT.US,1622
eq.GLOB.US,1622
eq.YEXT.US,1622
eq.SCKT.US,1622
eq.UCTT.US,1622
eq.BLKB.US,1622
eq.NTAP.US,1622
eq.ALLT.US,1622
eq.TSM.US,1622
eq.CNXN.US,1622
eq.STM.US,1622
eq.DXC.US,1622
eq.ZM.US,1622
eq.LEDS.US,1622
eq.DMRC.US,1622
eq.CIEN.US,1622
eq.JKS.US,1622
eq.TENB.US,1622
eq.MXL.US,1622
eq.SMTC.US,1622
eq.AAOI.US,1622
eq.DAIO.US,1622
eq.MSI.US,1622
eq.LTRX.US,1622
eq.AI.US,1622
eq.ACMR.US,1622
eq.AUDC.US,1622
eq.TEAM.US,1622
eq.SWKS.US,1622
eq.OTEX.US,1622
eq.NTGR.US,1622
eq.SSNC.US,1622
eq.XRX.US,1622
eq.CEVA.US,1622
eq.FN.US,1622
eq.NOK.US,1622
eq.VRSN.US,1622
eq.SAIC.US,1622
eq.UIS.US,1622
eq.ERIC.US,1622
eq.UBER.US,1622
eq.MEI.US,1622
eq.LDOS.US,1622
eq.DT.US,1622
eq.MRVL.US,1622
eq.VSH.US,1622
eq.EPAM.US,1622
eq.CSCO.US,1622
eq.KVHI.US,1622
eq.GIB.US,1622
eq.SHOP.US,1622
eq.AXTI.US,1622
eq.HUBS.US,1622
eq.NSIT.US,1622
eq.BHE.US,1622
eq.WK.US,1622
eq.CDNS.US,1622
eq.MSFT.US,1622
eq.SSYS.US,1622
eq.OSIS.US,1622
eq.AMBA.US,1622
eq.ASX.US,1622
eq.VERI.US,1622
eq.NVMI.US,1622
eq.VRNS.US,1622
eq.CGNX.US,1622
eq.CVLT.US,1622
eq.NXPI.US,1622
eq.MKSI.US,1622
eq.LOGI.US,1622
eq.NEON.US,1622
eq.VIAV.US,1622
eq.PLUS.US,1622
eq.ROG.US,1622
eq.ARW.US,1622
eq.SNPS.US,1622
eq.PD.US,1622
eq.REFR.US,1622
eq.CLS.US,1622
eq.KLIC.US,1622
eq.COHU.US,1622
eq.DSGX.US,1622
eq.ADEA.US,1622
eq.HCKT.US,1622
eq.BOX.US,1622
eq.SNX.US,1621
eq.FTV.US,1621
eq.VHC.US,1621
eq.CREX.US,1620
eq.BKTI.US,1620
eq.KOSS.US,1619
eq.MSN.US,1618
eq.JG.US,1615
eq.ALOT.US,1615
eq.FKWL.US,1612
eq.XPER.US,1611
eq.FEIM.US,1610
eq.CSPI.US,1609
eq.TRT.US,1608
eq.SLNH.US,1607
eq.BKSY.US,1605
eq.ELTK.US,1604
eq.LGL.US,1604
eq.DSWL.US,1603
eq.UTSI.US,1601
eq.KPLT.US,1600
eq.SPRU.US,1598
eq.COHR.US,1585
eq.KULR.US,1584
eq.LINK.US,1572
eq.MTLS.US,1565
eq.WKEY.US,1552
eq.BELFA.US,1547
eq.FRGT.US,1535
eq.EBON.US,1500
eq.IIIV.US,1489
eq.BILL.US,1489
eq.FSLY.US,1489
eq.UI.US,1489
eq.CRNC.US,1489
eq.ONTO.US,1489
eq.ATOM.US,1489
eq.RPAY.US,1489
eq.PSN.US,1489
eq.CRWD.US,1489
eq.DDOG.US,1489
eq.SPT.US,1487
eq.COMP.US,1487
eq.KC.US,1478
eq.FOUR.US,1477
eq.CPSH.US,1470
eq.RXT.US,1467
eq.NCNO.US,1467
eq.API.US,1467
eq.QH.US,1450
eq.SNOW.US,1444
eq.U.US,1442
eq.STEM.US,1429
eq.OUST.US,1428
eq.VNT.US,1427
eq.PSFE.US,1427
eq.NVEC.US,1427
eq.BLIN.US,1426
eq.SSTI.US,1423
eq.III.US,1423
eq.BOSC.US,1422
eq.ARRY.US,1421
eq.DJCO.US,1414
eq.PHUN.US,1412
eq.OCC.US,1405
eq.DBD.US,1404
eq.BKKT.US,1374
eq.SMRT.US,1369
eq.TLS.US,1367
eq.ACFN.US,1366
eq.LIDR.US,1365
eq.BSY.US,1362
eq.VS.US,1361
eq.CGNT.US,1349
eq.NXPL.US,1324
eq.ELSE.US,1324
eq.TUYA.US,1319
eq.CRCT.US,1314
eq.S.US,1308
eq.WTO.US,1307
eq.ARQQ.US,1301
eq.APP.US,1299
eq.WBX.US,1298
eq.PATH.US,1295
eq.FTCI.US,1291
eq.PCOR.US,1274
eq.DLO.US,1266
eq.DV.US,1264
eq.TASK.US,1260
eq.YOU.US,1247
eq.MKTW.US,1232
eq.GEN.US,1223
eq.HOLO.US,1217
eq.CISO.US,1210
eq.MQ.US,1205
eq.DCBO.US,1205
eq.NNDM.US,1205
eq.DSP.US,1205
eq.VERX.US,1205
eq.INDI.US,1205
eq.OSS.US,1205
eq.IBEX.US,1205
eq.ALIT.US,1205
eq.AFRM.US,1205
eq.CNXC.US,1205
eq.CLBT.US,1205
eq.AVPT.US,1205
eq.WRAP.US,1205
eq.YALA.US,1205
eq.CRSR.US,1205
eq.PLTR.US,1205
eq.ASTS.US,1205
eq.ONDS.US,1205
eq.REKR.US,1205
eq.DUOL.US,1205
eq.FROG.US,1205
eq.MRAM.US,1205
eq.BEEM.US,1205
eq.NABL.US,1205
eq.RMNI.US,1205
eq.MNDY.US,1205
eq.BMBL.US,1205
eq.PAYO.US,1205
eq.PRCH.US,1205
eq.CXM.US,1205
eq.WYY.US,1205
eq.SHLS.US,1205
eq.DOCN.US,1205
eq.AEYE.US,1205
eq.SITM.US,1205
eq.SKYT.US,1205
eq.QUBT.US,1205
eq.PUBM.US,1205
eq.AMPG.US,1205
eq.CLVT.US,1205
eq.DAVA.US,1205
eq.PRTH.US,1205
eq.IMXI.US,1205
eq.USIO.US,1205
eq.GDYN.US,1205
eq.ALGM.US,1205
eq.CAN.US,1205
eq.LSPD.US,1205
eq.ASAN.US,1205
eq.FCUV.US,1202
eq.KARO.US,1202
eq.RSSS.US,1202
eq.NRDY.US,1199
eq.GREE.US,1194
eq.SRAD.US,1194
eq.VIA.US,1193
eq.RCAT.US,1191
eq.IONQ.US,1191
eq.WOLF.US,1190
eq.BNZI.US,1189
eq.FRSH.US,1188
eq.TOST.US,1188
eq.GRRR.US,1187
eq.ARBE.US,1186
eq.VLN.US,1182
eq.LAW.US,1180
eq.RELY.US,1180
eq.BLND.US,1179
eq.RSKD.US,1179
eq.CCSI.US,1176
eq.YMM.US,1173
eq.GTLB.US,1172
eq.CYN.US,1169
eq.ZETA.US,1168
eq.NVTS.US,1168
eq.AUR.US,1167
eq.NN.US,1165
eq.PAY.US,1163
eq.ALKT.US,1163
eq.AMPL.US,1160
eq.CWAN.US,1160
eq.TROO.US,1159
eq.KD.US,1157
eq.VTEX.US,1153
eq.GFS.US,1153
eq.WALD.US,1153
eq.SPWR.US,1151
eq.SMWB.US,1149
eq.GRAB.US,1148
eq.TSAT.US,1146
eq.BBAI.US,1144
eq.BLZE.US,1139
eq.IOT.US,1129
eq.AIFF.US,1128
eq.KLTR.US,1123
eq.FLYW.US,1122
eq.DAVE.US,1114
eq.XBP.US,1093
eq.RGTI.US,1087
eq.BNAI.US,1085
eq.BRZE.US,1066
eq.EXFY.US,1066
eq.SWVL.US,1055
eq.INTA.US,1043
eq.SOUN.US,1037
eq.LSAK.US,1028
eq.SURG.US,1028
eq.CINT.US,1028
eq.GBTG.US,1025
eq.AIP.US,1019
eq.JTAI.US,1018
eq.SVRE.US,1013
eq.FISV.US,1012
eq.PGY.US,1000
eq.SAIL.US,997
eq.EVCM.US,986
eq.CRDO.US,986
eq.QBTS.US,968
eq.MOB.US,955
eq.RUM.US,949
eq.GCT.US,945
eq.POET.US,942
eq.MOBX.US,935
eq.MSAI.US,921
eq.PERF.US,909
eq.NVNI.US,908
eq.GRND.US,902
eq.MLGO.US,880
eq.VIVO.US,851
eq.CORZ.US,840
eq.UPBD.US,838
eq.AMOD.US,835
eq.NXT.US,829
eq.CXAI.US,827
eq.MNTN.US,806
eq.NTRP.US,805
eq.TYGO.US,778
eq.LAES.US,769
eq.MRT.US,747
eq.PSQH.US,740
eq.CYCU.US,732
eq.ODD.US,723
eq.ALNT.US,716
eq.RDZN.US,695
eq.ARM.US,692
eq.KVYO.US,686
eq.VYX.US,678
eq.NATL.US,669
eq.TRAK.US,667
eq.OPTX.US,662
eq.AISP.US,632
eq.BTDR.US,591
eq.ATCH.US,589
eq.CCC.US,584
eq.ZEO.US,576
eq.CPAY.US,569
eq.GCTS.US,566
eq.ALAB.US,561
eq.PDYN.US,561
eq.VELO.US,551
eq.RBRK.US,538
eq.IBTA.US,528
eq.KSPI.US,523
eq.QXO.US,518
eq.AIOT.US,502
eq.RZLV.US,470
eq.WBTN.US,463
eq.HPAI.US,462
eq.CURR.US,458
eq.VEEA.US,444
eq.PENG.US,429
eq.INGM.US,390
eq.TSSI.US,390
eq.RMSG.US,386
eq.TTAN.US,378
eq.TBCH.US,372
eq.BZAI.US,368
eq.XYZ.US,364
eq.ZENA.US,362
eq.ACCS.US,359
eq.DVLT.US,346
eq.STRK.US,342
eq.LPTH.US,335
eq.SNDK.US,331
eq.AMBR.US,328
eq.WRD.US,314
eq.MCHPP.US,309
eq.LIF.US,309
eq.STRF.US,309
eq.BULL.US,307
eq.CRWV.US,307
eq.SKYA.US,294
eq.GTM.US,286
eq.STRC.US,281
eq.DFDV.US,274
eq.AMCI.US,265
eq.STRD.US,256
eq.CHYM.US,255
eq.DAIC.US,249
eq.RAL.US,242
eq.CMRC.US,231
eq.ALMU.US,227
eq.MYSE.US,225
eq.FIG.US,220
eq.BLSH.US,213
eq.TONX.US,210
eq.WYFI.US,199
eq.KLAR.US,194
eq.NTSK.US,188
eq.BTTC.US,188
eq.BTQ.US,181
eq.SLAI.US,176
eq.FUSE.US,174
eq.DUOT.US,163
eq.NAVN.US,158
eq.Q.US,156
eq.TWAV.US,140
eq.FORTY.US,131
eq.MTC.US,131
eq.CLRO.US,131
eq.CETX.US,131
eq.ORIO.US,125
eq.DFNS.US,100
eq.WLTH.US,98
eq.AMBQ.US,98
eq.INFQ.US,95
eq.GGRP.US,93
eq.SHAZ.US,86
eq.HQ.US,72
eq.KEEL.US,62
eq.PAYP.US,54
eq.P.US,53
eq.XNDU.US,50
eq.EFOR.US,48
eq.ZSQR.US,47
eq.AIFC.US,45
eq.CHRN.US,41
eq.BRUN.US,37
eq.RTB.US,35
eq.CBRS.US,24
eq.TOYO.US,23
eq.QNC.US,21
eq.ENRD.US,16
eq.WSE.US,14
eq.QNT.US,8
eq.MFI.US,4
